day,url
monday,https://www.ycharts.com/companies/AAPL
monday,https://www.ycharts.com/companies/AAPL/chart/
monday,https://www.ycharts.com/companies/AAPL/debt_equity_ratio
monday,https://www.ycharts.com/companies/AAPL/dividend
monday,https://www.ycharts.com/companies/AAPL/one_year_total_return
monday,https://www.ycharts.com/companies/AAPL/pe_ratio
monday,https://www.ycharts.com/companies/AAPL/revenues_annual
monday,https://www.ycharts.com/companies/ACWI
monday,https://www.ycharts.com/companies/ACWX
monday,https://www.ycharts.com/companies/AGG
monday,https://www.ycharts.com/companies/AL/chart/
monday,https://www.ycharts.com/companies/AMC/shares_outstanding
monday,https://www.ycharts.com/companies/AMD/chart/
monday,https://www.ycharts.com/companies/AMZN/chart/
monday,https://www.ycharts.com/companies/AMZN/market_cap
monday,https://www.ycharts.com/companies/AMZN/pe_ratio
monday,https://www.ycharts.com/companies/AMZN/ps_ratio
monday,https://www.ycharts.com/companies/AMZN/stock_buyback
monday,https://www.ycharts.com/companies/ASML/pe_ratio
monday,https://www.ycharts.com/companies/ASXFY/pe_ratio
monday,https://www.ycharts.com/companies/ASXFY/price_to_book_value
monday,https://www.ycharts.com/companies/AVGO
monday,https://www.ycharts.com/companies/AVGO/dividend
monday,https://www.ycharts.com/companies/BA
monday,https://www.ycharts.com/companies/BAC/price_to_book_value
monday,https://www.ycharts.com/companies/BCE.TO/dividend
monday,https://www.ycharts.com/companies/BIP.UN.TO/dividend
monday,https://www.ycharts.com/companies/BITO/dividend
monday,https://www.ycharts.com/companies/BLV/dividend_yield
monday,https://www.ycharts.com/companies/BND/dividend_yield
monday,https://www.ycharts.com/companies/BNS/price_to_book_value
monday,https://www.ycharts.com/companies/BP
monday,https://www.ycharts.com/companies/BRK.A/chart/
monday,https://www.ycharts.com/companies/BRK.B
monday,https://www.ycharts.com/companies/BRK.B/max_drawdown_5y
monday,https://www.ycharts.com/companies/BRK.B/pe_ratio
monday,https://www.ycharts.com/companies/BRK.B/price_to_book_value
monday,https://www.ycharts.com/companies/BRK.B/shares_outstanding
monday,https://www.ycharts.com/companies/BTI/dividend
monday,https://www.ycharts.com/companies/BYDDF/debt_equity_ratio
monday,https://www.ycharts.com/companies/BYDDF/gross_profit_margin
monday,https://www.ycharts.com/companies/CASH.TO
monday,https://www.ycharts.com/companies/CEF/discount_or_premium_to_nav
monday,https://www.ycharts.com/companies/CFLT/ps_ratio
monday,https://www.ycharts.com/companies/CHEK/market_cap
monday,https://www.ycharts.com/companies/CLM/net_asset_value
monday,https://www.ycharts.com/companies/CLSK/market_cap
monday,https://www.ycharts.com/companies/CMWAY/pe_ratio
monday,https://www.ycharts.com/companies/CNXX
monday,https://www.ycharts.com/companies/COST
monday,https://www.ycharts.com/companies/COST/revenues
monday,https://www.ycharts.com/companies/CPN
monday,https://www.ycharts.com/companies/CRWV
monday,https://www.ycharts.com/companies/CSU.TO
monday,https://www.ycharts.com/companies/CVE.TO/dividend
monday,https://www.ycharts.com/companies/CVX/dividend
monday,https://www.ycharts.com/companies/DIA/average_volume_30
monday,https://www.ycharts.com/companies/DIV.TO/dividend
monday,https://www.ycharts.com/companies/DIV/dividend_yield
monday,https://www.ycharts.com/companies/DOW/pe_ratio
monday,https://www.ycharts.com/companies/DWAC
monday,https://www.ycharts.com/companies/EXG/discount_or_premium_to_nav
monday,https://www.ycharts.com/companies/FBTC/discount_or_premium_to_nav
monday,https://www.ycharts.com/companies/FTN.TO/dividend
monday,https://www.ycharts.com/companies/GBTC/discount_or_premium_to_nav
monday,https://www.ycharts.com/companies/GLD/total_assets_under_management
monday,https://www.ycharts.com/companies/GOOG/revenues
monday,https://www.ycharts.com/companies/GOOG/stock_buyback
monday,https://www.ycharts.com/companies/GOOGL
monday,https://www.ycharts.com/companies/GOOGL/stock_buyback
monday,https://www.ycharts.com/companies/HACK/chart/
monday,https://www.ycharts.com/companies/HD/pe_ratio
monday,https://www.ycharts.com/companies/HPQ/stock_buyback
monday,https://www.ycharts.com/companies/IFN/discount_or_premium_to_nav
monday,https://www.ycharts.com/companies/IMBBY/shares_outstanding
monday,https://www.ycharts.com/companies/INTC
monday,https://www.ycharts.com/companies/INTC/pe_ratio
monday,https://www.ycharts.com/companies/INTC/price_to_book_value
monday,https://www.ycharts.com/companies/IONQ
monday,https://www.ycharts.com/companies/IP/price
monday,https://www.ycharts.com/companies/IWM
monday,https://www.ycharts.com/companies/JD/pe_ratio
monday,https://www.ycharts.com/companies/JEPI/dividend
monday,https://www.ycharts.com/companies/JEPI/dividend_yield
monday,https://www.ycharts.com/companies/JPM
monday,https://www.ycharts.com/companies/KBH
monday,https://www.ycharts.com/companies/KO/dividend
monday,https://www.ycharts.com/companies/LBLCF/gross_profit_margin
monday,https://www.ycharts.com/companies/LDNXF/pe_ratio
monday,https://www.ycharts.com/companies/LVMHF/pe_ratio
monday,https://www.ycharts.com/companies/MARA/market_cap
monday,https://www.ycharts.com/companies/MARA/shares_outstanding
monday,https://www.ycharts.com/companies/MCD/revenues_annual
monday,https://www.ycharts.com/companies/META
monday,https://www.ycharts.com/companies/MO/stock_buyback
monday,https://www.ycharts.com/companies/MSFT
monday,https://www.ycharts.com/companies/MSFT/debt_equity_ratio
monday,https://www.ycharts.com/companies/MSFT/market_cap
monday,https://www.ycharts.com/companies/MSFT/one_year_total_return
monday,https://www.ycharts.com/companies/MSFT/pe_ratio
monday,https://www.ycharts.com/companies/MSFT/price_to_book_value
monday,https://www.ycharts.com/companies/MSFT/stock_buyback
monday,https://www.ycharts.com/companies/MSTR/average_volume_30
monday,https://www.ycharts.com/companies/MSTY/dividend
monday,https://www.ycharts.com/companies/MSTY/total_assets_under_management
monday,https://www.ycharts.com/companies/NDAQ/market_cap
monday,https://www.ycharts.com/companies/NKE/pe_ratio
monday,https://www.ycharts.com/companies/NKE/revenues_annual
monday,https://www.ycharts.com/companies/NLY/price_to_book_value
monday,https://www.ycharts.com/companies/NSRGY/dividend
monday,https://www.ycharts.com/companies/NVDA
monday,https://www.ycharts.com/companies/NVDA/average_volume_30
monday,https://www.ycharts.com/companies/NVDA/dividend_yield
monday,https://www.ycharts.com/companies/NVDA/gross_profit_margin
monday,https://www.ycharts.com/companies/NVDA/one_year_total_return
monday,https://www.ycharts.com/companies/NVDA/shares_outstanding
monday,https://www.ycharts.com/companies/NVO/pe_ratio
monday,https://www.ycharts.com/companies/NWH.UN.TO/dividend
monday,https://www.ycharts.com/companies/OXLC/net_asset_value
monday,https://www.ycharts.com/companies/PDI/net_asset_value
monday,https://www.ycharts.com/companies/PEP/stock_buyback
monday,https://www.ycharts.com/companies/PLTR
monday,https://www.ycharts.com/companies/PLTR/chart/
monday,https://www.ycharts.com/companies/PLTR/pe_ratio
monday,https://www.ycharts.com/companies/PLTR/price_to_book_value
monday,https://www.ycharts.com/companies/PLTR/revenues
monday,https://www.ycharts.com/companies/PPL.TO/dividend
monday,https://www.ycharts.com/companies/PPLT/discount_or_premium_to_nav
monday,https://www.ycharts.com/companies/PSLV/discount_or_premium_to_nav
monday,https://www.ycharts.com/companies/PYPL/stock_buyback
monday,https://www.ycharts.com/companies/QQC.F.TO/holdings/overview
monday,https://www.ycharts.com/companies/QQQ
monday,https://www.ycharts.com/companies/QQQ/holdings/history
monday,https://www.ycharts.com/companies/REI.UN.TO/dividend
monday,https://www.ycharts.com/companies/RNMBY/pe_ratio
monday,https://www.ycharts.com/companies/RY.TO/dividend
monday,https://www.ycharts.com/companies/RY.TO/price_to_book_value
monday,https://www.ycharts.com/companies/SGOV
monday,https://www.ycharts.com/companies/SGOV/dividend_yield
monday,https://www.ycharts.com/companies/SOXX
monday,https://www.ycharts.com/companies/SPY/chart/
monday,https://www.ycharts.com/companies/SSNGY/net_income_ttm
monday,https://www.ycharts.com/companies/T
monday,https://www.ycharts.com/companies/TLT
monday,https://www.ycharts.com/companies/TM/price_to_book_value
monday,https://www.ycharts.com/companies/TRAC/shares_outstanding
monday,https://www.ycharts.com/companies/TSLA/capex
monday,https://www.ycharts.com/companies/TSLA/market_cap
monday,https://www.ycharts.com/companies/TSLA/one_year_total_return
monday,https://www.ycharts.com/companies/TSLA/pe_ratio
monday,https://www.ycharts.com/companies/TSLA/ps_ratio
monday,https://www.ycharts.com/companies/TSLA/revenues
monday,https://www.ycharts.com/companies/TSLA/stock_buyback
monday,https://www.ycharts.com/companies/TSLY/dividend_yield
monday,https://www.ycharts.com/companies/TSM/pe_ratio
monday,https://www.ycharts.com/companies/UAMY/price
monday,https://www.ycharts.com/companies/UNH/dividend
monday,https://www.ycharts.com/companies/UNH/free_cash_flow_ttm
monday,https://www.ycharts.com/companies/UNH/price_to_book_value
monday,https://www.ycharts.com/companies/UNH/stock_buyback
monday,https://www.ycharts.com/companies/UUUU
monday,https://www.ycharts.com/companies/VDY.TO/dividend
monday,https://www.ycharts.com/companies/VEQT.TO/total_assets_under_management
monday,https://www.ycharts.com/companies/VFV.TO/dividend
monday,https://www.ycharts.com/companies/VGT
monday,https://www.ycharts.com/companies/VOO/total_assets_under_management
monday,https://www.ycharts.com/companies/VT
monday,https://www.ycharts.com/companies/VTI/dividend_yield
monday,https://www.ycharts.com/companies/VUG
monday,https://www.ycharts.com/companies/VXUS/dividend_yield
monday,https://www.ycharts.com/companies/VZ
monday,https://www.ycharts.com/companies/VZ/dividend
monday,https://www.ycharts.com/companies/WCP.TO/dividend
monday,https://www.ycharts.com/companies/WMT/pe_ratio
monday,https://www.ycharts.com/companies/WMT/profit_margin
monday,https://www.ycharts.com/companies/WMT/revenues
monday,https://www.ycharts.com/companies/WMT/revenues_annual
monday,https://www.ycharts.com/companies/WMT/stock_buyback
monday,https://www.ycharts.com/companies/XBI
monday,https://www.ycharts.com/companies/XCCC/dividend
monday,https://www.ycharts.com/companies/XEI.TO/dividend
monday,https://www.ycharts.com/companies/XOM/dividend
monday,https://www.ycharts.com/companies/XRE.TO/dividend
monday,https://www.ycharts.com/companies/ZQQ.TO/dividend
monday,https://www.ycharts.com/indicators/20_year_treasury_rate_h15
monday,https://www.ycharts.com/indicators/australia_coal_price
monday,https://www.ycharts.com/indicators/australian_dollar_to_japanese_yen_exchange_rate
monday,https://www.ycharts.com/indicators/bank_prime_loan_rate_market_daily
monday,https://www.ycharts.com/indicators/bitcoin_average_transaction_fee
monday,https://www.ycharts.com/indicators/bitcoin_price
monday,https://www.ycharts.com/indicators/bitcoin_total_transaction_fees_per_day
monday,https://www.ycharts.com/indicators/brent_crude_oil_spot_price
monday,https://www.ycharts.com/indicators/canada_consumer_price_index_yoy
monday,https://www.ycharts.com/indicators/canada_core_inflation_rate
monday,https://www.ycharts.com/indicators/canadian_dollar_to_us_dollar_exchange_rate
monday,https://www.ycharts.com/indicators/case_shiller_home_price_index_new_york
monday,https://www.ycharts.com/indicators/case_shiller_home_price_index_seattle
monday,https://www.ycharts.com/indicators/china_pmi
monday,https://www.ycharts.com/indicators/coal_price_index
tuesday,https://www.ycharts.com/indicators/crude_oil_to_natural_gas_price_ratio
tuesday,https://www.ycharts.com/indicators/denmark_6month_interest_rate
tuesday,https://www.ycharts.com/indicators/effective_federal_funds_rate_monthly
tuesday,https://www.ycharts.com/indicators/ethereum_average_transaction_fee
tuesday,https://www.ycharts.com/indicators/ethereum_price
tuesday,https://www.ycharts.com/indicators/euro_to_australian_dollar_exchange_rate
tuesday,https://www.ycharts.com/indicators/euro_to_canadian_dollar_exchange_rate
tuesday,https://www.ycharts.com/indicators/europe_natural_gas_price
tuesday,https://www.ycharts.com/indicators/fertilizers_index_world_bank
tuesday,https://www.ycharts.com/indicators/florida_electric_utility_retail_price
tuesday,https://www.ycharts.com/indicators/food_index_world_bank
tuesday,https://www.ycharts.com/indicators/francegermany_10_year_bond_spread
tuesday,https://www.ycharts.com/indicators/gold_price_in_canadian_dollar
tuesday,https://www.ycharts.com/indicators/greecegermany_10_year_bond_spread
tuesday,https://www.ycharts.com/indicators/groundnut_oil_price_any_origin
tuesday,https://www.ycharts.com/indicators/gulf_coast_jet_fuel_spot_price
tuesday,https://www.ycharts.com/indicators/gulf_coast_ultra_low_sulfur_no_2_diesel_spot_price
tuesday,https://www.ycharts.com/indicators/halifax_ns_average_retail_price_for_household_heating_fuel
tuesday,https://www.ycharts.com/indicators/henry_hub_natural_gas_spot_price
tuesday,https://www.ycharts.com/indicators/ice_us_dollar_index_combined_total_reportable_short_positions
tuesday,https://www.ycharts.com/indicators/israeli_shekel_to_us_dollar_exchange_rate
tuesday,https://www.ycharts.com/indicators/japan_domestic_corporate_goods_price_index_iron_and_steel
tuesday,https://www.ycharts.com/indicators/japan_liquefied_natural_gas_import_price
tuesday,https://www.ycharts.com/indicators/malaysia_lending_interest_rate
tuesday,https://www.ycharts.com/indicators/malaysia_palm_oil_price
tuesday,https://www.ycharts.com/indicators/maryland_residential_heating_oil_price
tuesday,https://www.ycharts.com/indicators/maryland_residential_propane_price
tuesday,https://www.ycharts.com/indicators/massachusetts_electric_utility_retail_price_yearly
tuesday,https://www.ycharts.com/indicators/massachusetts_residential_heating_oil_price
tuesday,https://www.ycharts.com/indicators/montreal_qc_new_housing_price_index
tuesday,https://www.ycharts.com/indicators/nahb_wells_fargo_us_hmi
tuesday,https://www.ycharts.com/indicators/new_england_residential_heating_oil_price
tuesday,https://www.ycharts.com/indicators/new_jersey_residential_propane_price
tuesday,https://www.ycharts.com/indicators/new_york_arabica_coffee_price
tuesday,https://www.ycharts.com/indicators/new_york_harbor_ultra_low_sulfur_no_2_diesel_spot_price
tuesday,https://www.ycharts.com/indicators/new_york_residential_heating_oil_price
tuesday,https://www.ycharts.com/indicators/new_york_unemployment_rate
tuesday,https://www.ycharts.com/indicators/njnatural_gas_residential_price
tuesday,https://www.ycharts.com/indicators/olive_oil_price
tuesday,https://www.ycharts.com/indicators/pennsylvania_residential_heating_oil_price
tuesday,https://www.ycharts.com/indicators/permian_region_total_oil_production
tuesday,https://www.ycharts.com/indicators/personal_consumption_gdp
tuesday,https://www.ycharts.com/indicators/philippines_indonesia_coconut_oil_price
tuesday,https://www.ycharts.com/indicators/platinum_price
tuesday,https://www.ycharts.com/indicators/rapeseed_oil_price
tuesday,https://www.ycharts.com/indicators/rhode_island_residential_heating_oil_price
tuesday,https://www.ycharts.com/indicators/ripple_price
tuesday,https://www.ycharts.com/indicators/sandp_500_shiller_cape_earnings_yield
tuesday,https://www.ycharts.com/indicators/silver_price
tuesday,https://www.ycharts.com/indicators/singapore_malaysia_rubber_price
tuesday,https://www.ycharts.com/indicators/south_korea_coronavirus_cases_per_day
tuesday,https://www.ycharts.com/indicators/soybean_oil_price
tuesday,https://www.ycharts.com/indicators/sweden_3month_interest_rate
tuesday,https://www.ycharts.com/indicators/thrift_savings_plan_s_fund_monthly_returns
tuesday,https://www.ycharts.com/indicators/toronto_on_new_housing_price_index
tuesday,https://www.ycharts.com/indicators/trade_weighted_us_dollar_index_emerging_markets_economies_goods_and_services
tuesday,https://www.ycharts.com/indicators/triple_superphosphate_price
tuesday,https://www.ycharts.com/indicators/uk_gilt_10_year_yield
tuesday,https://www.ycharts.com/indicators/uk_inflation_rate
tuesday,https://www.ycharts.com/indicators/uk_retail_price_index
tuesday,https://www.ycharts.com/indicators/uk_unemployment_rate
tuesday,https://www.ycharts.com/indicators/us_almonds_price_received
tuesday,https://www.ycharts.com/indicators/us_auto_loans_delinquent_by_90_days
tuesday,https://www.ycharts.com/indicators/us_average_retail_price_of_electricity_total
tuesday,https://www.ycharts.com/indicators/us_chicken_wholesale_price_georgia_dock
tuesday,https://www.ycharts.com/indicators/us_consumer_price_index_information_technology_hardware_and_services_unadjusted
tuesday,https://www.ycharts.com/indicators/us_consumer_price_index_motor_vehicle_insurance_nsa
tuesday,https://www.ycharts.com/indicators/us_consumer_price_index_new_cars_nsa
tuesday,https://www.ycharts.com/indicators/us_consumer_price_index_professional_services
tuesday,https://www.ycharts.com/indicators/us_consumer_price_index_yoy
tuesday,https://www.ycharts.com/indicators/us_core_inflation_rate
tuesday,https://www.ycharts.com/indicators/us_corn_price_imfpcp
tuesday,https://www.ycharts.com/indicators/us_cotton_cottonseed_price_received
tuesday,https://www.ycharts.com/indicators/us_credit_card_accounts_late_by_90_days
tuesday,https://www.ycharts.com/indicators/us_credit_card_debt
tuesday,https://www.ycharts.com/indicators/us_crude_oil_production
tuesday,https://www.ycharts.com/indicators/us_disposable_personal_income_per_capita
tuesday,https://www.ycharts.com/indicators/us_dollar_to_euro_exchange_rate_h10
tuesday,https://www.ycharts.com/indicators/us_dollar_to_indian_rupee_exchange_rate
tuesday,https://www.ycharts.com/indicators/us_dollar_to_norwegian_krone_exchange_rate
tuesday,https://www.ycharts.com/indicators/us_dollar_to_philippine_peso_exchange_rate
tuesday,https://www.ycharts.com/indicators/us_dollar_to_pound_sterling_exchange_rate
tuesday,https://www.ycharts.com/indicators/us_dollar_to_south_african_rand_exchange_rate
tuesday,https://www.ycharts.com/indicators/us_dollar_to_swedish_krona_exchange_rate
tuesday,https://www.ycharts.com/indicators/us_dollar_to_venezuelan_bolivar_exchange_rate
tuesday,https://www.ycharts.com/indicators/us_durable_goods_orders
tuesday,https://www.ycharts.com/indicators/us_ecommerce_sales_as_percent_retail_sales
tuesday,https://www.ycharts.com/indicators/us_existing_home_inventory
tuesday,https://www.ycharts.com/indicators/us_existing_home_months_supply
tuesday,https://www.ycharts.com/indicators/us_house_price_index
tuesday,https://www.ycharts.com/indicators/us_household_formation
tuesday,https://www.ycharts.com/indicators/us_investor_sentiment_bull_bear_spread
tuesday,https://www.ycharts.com/indicators/us_ism_manufacturing_production_index
tuesday,https://www.ycharts.com/indicators/us_ism_manufacturing_supplier_deliveries_index
tuesday,https://www.ycharts.com/indicators/us_longterm_interest_rates
tuesday,https://www.ycharts.com/indicators/us_money_market_account_rate
tuesday,https://www.ycharts.com/indicators/us_money_market_funds_as_of_sandp_500_market_cap
tuesday,https://www.ycharts.com/indicators/us_monthly_gdp
tuesday,https://www.ycharts.com/indicators/us_mutual_fund_flows
tuesday,https://www.ycharts.com/indicators/us_natural_gas_liquefied_exports_price
tuesday,https://www.ycharts.com/indicators/us_natural_gas_liquid_composite_price
tuesday,https://www.ycharts.com/indicators/us_nonfarm_payrolls_mom
tuesday,https://www.ycharts.com/indicators/us_oil_rotary_rigs
tuesday,https://www.ycharts.com/indicators/us_per_capita_public_debt
tuesday,https://www.ycharts.com/indicators/us_percent_gdp_gap
tuesday,https://www.ycharts.com/indicators/us_personal_income_monthly
tuesday,https://www.ycharts.com/indicators/us_personal_saving_rate
tuesday,https://www.ycharts.com/indicators/us_producer_price_index_asphalt_paving_mixture_and_block_manufacturing_mixtures_blocks_yearly
tuesday,https://www.ycharts.com/indicators/us_producer_price_index_chemicals_and_allied_products_sulfuric_acid
tuesday,https://www.ycharts.com/indicators/us_producer_price_index_farm_products_tomatoes
tuesday,https://www.ycharts.com/indicators/us_producer_price_index_material_recyclers_ferrous_metal_scrap
tuesday,https://www.ycharts.com/indicators/us_producer_price_index_metals_and_metal_products_titanium_titaniumbase_alloy_mill_shapes
tuesday,https://www.ycharts.com/indicators/us_producer_price_index_plastics_material_and_resins_manufacturing
tuesday,https://www.ycharts.com/indicators/us_producer_price_index_pulp_paper_and_allied_products_corrugated_shipping_containers_for
tuesday,https://www.ycharts.com/indicators/us_producer_price_index_pulp_paper_and_allied_products_corrugated_wastepaper_unadjusted
tuesday,https://www.ycharts.com/indicators/us_producer_price_index_special_indexes_construction_materials
tuesday,https://www.ycharts.com/indicators/us_production_of_domestic_automobiles
tuesday,https://www.ycharts.com/indicators/us_productivity
tuesday,https://www.ycharts.com/indicators/us_real_gdp
tuesday,https://www.ycharts.com/indicators/us_real_gdp_growth
tuesday,https://www.ycharts.com/indicators/us_real_gdp_growth_yoy
tuesday,https://www.ycharts.com/indicators/us_retail_price_of_gasoline_monthly
tuesday,https://www.ycharts.com/indicators/us_retail_sales
tuesday,https://www.ycharts.com/indicators/us_retail_sales_of_heavy_trucks_sa
tuesday,https://www.ycharts.com/indicators/us_retail_sales_yoy
tuesday,https://www.ycharts.com/indicators/us_soybean_price_world_bank
tuesday,https://www.ycharts.com/indicators/us_stocks_of_crude_oil
tuesday,https://www.ycharts.com/indicators/us_student_loans_delinquent_by_90_days
tuesday,https://www.ycharts.com/indicators/us_sugar_futures_price
tuesday,https://www.ycharts.com/indicators/us_tobacco_import_price
tuesday,https://www.ycharts.com/indicators/us_total_business_inventories
tuesday,https://www.ycharts.com/indicators/us_total_vehicle_sales
tuesday,https://www.ycharts.com/indicators/us_transportation_services_index_freight
tuesday,https://www.ycharts.com/indicators/us_weekly_rail_traffic
tuesday,https://www.ycharts.com/indicators/us_wholesale_propane_price
tuesday,https://www.ycharts.com/indicators/vancouver_bc_new_housing_price_index
tuesday,https://www.ycharts.com/indicators/virginia_no_2_heating_oil_residential_price
tuesday,https://www.ycharts.com/indicators/weekly_cushing_ok_ending_stocks_crude_oil
tuesday,https://www.ycharts.com/indicators/world_coffee_arabica_price
tuesday,https://www.ycharts.com/indicators/world_coffee_robusta_price
tuesday,https://www.ycharts.com/indicators/world_tea_price
tuesday,https://www.ycharts.com/indicators/zinc_price
tuesday,https://www.ycharts.com/indices/^BACPFIXRPS
tuesday,https://www.ycharts.com/indices/^BBGATRAUDH
tuesday,https://www.ycharts.com/indices/^BBGATRCAD
tuesday,https://www.ycharts.com/indices/^BBGATREUR
tuesday,https://www.ycharts.com/indices/^BBGATRSGDH
tuesday,https://www.ycharts.com/indices/^BBGAXUSDTR
tuesday,https://www.ycharts.com/indices/^BBMB15YB1T
tuesday,https://www.ycharts.com/indices/^BBMB15YTR
tuesday,https://www.ycharts.com/indices/^BBMBTR
tuesday,https://www.ycharts.com/indices/^BBMTRCAD
tuesday,https://www.ycharts.com/indices/^BBUGCR15YT
tuesday,https://www.ycharts.com/indices/^BBUH2ICTRR
tuesday,https://www.ycharts.com/indices/^BBUHY2ICTE
tuesday,https://www.ycharts.com/indices/^BBUSATR
tuesday,https://www.ycharts.com/indices/^BBUSCOHYTR
tuesday,https://www.ycharts.com/indices/^BBUSCOTR
tuesday,https://www.ycharts.com/indices/^BBUSTTR
tuesday,https://www.ycharts.com/indices/^BBUTB13MTR
tuesday,https://www.ycharts.com/indices/^BBUTISTR/chart/
tuesday,https://www.ycharts.com/indices/^BIUSGCRTR
tuesday,https://www.ycharts.com/indices/^BMB11YB1TR/year_high
tuesday,https://www.ycharts.com/indices/^BNRGS
tuesday,https://www.ycharts.com/indices/^CB2YTBETV
tuesday,https://www.ycharts.com/indices/^CBVVIX
tuesday,https://www.ycharts.com/indices/^CRT
tuesday,https://www.ycharts.com/indices/^CRUSCVTR
tuesday,https://www.ycharts.com/indices/^CRUSTM
tuesday,https://www.ycharts.com/indices/^CRUSTMTR
tuesday,https://www.ycharts.com/indices/^DBKT
tuesday,https://www.ycharts.com/indices/^DBLCOY
tuesday,https://www.ycharts.com/indices/^DBLUSD
tuesday,https://www.ycharts.com/indices/^DJDVP
wednesday,https://www.ycharts.com/indices/^DJI/six_month_return
wednesday,https://www.ycharts.com/indices/^DJI/sma_50
wednesday,https://www.ycharts.com/indices/^DJITR/level
wednesday,https://www.ycharts.com/indices/^DJTTHE
wednesday,https://www.ycharts.com/indices/^DJUSCL
wednesday,https://www.ycharts.com/indices/^DJUSHC
wednesday,https://www.ycharts.com/indices/^DJUSRET
wednesday,https://www.ycharts.com/indices/^DJUSRU
wednesday,https://www.ycharts.com/indices/^DJUSWU
wednesday,https://www.ycharts.com/indices/^DLTC
wednesday,https://www.ycharts.com/indices/^DTEI
wednesday,https://www.ycharts.com/indices/^DWCPF
wednesday,https://www.ycharts.com/indices/^DWCPF/level
wednesday,https://www.ycharts.com/indices/^DWCT
wednesday,https://www.ycharts.com/indices/^DWL
wednesday,https://www.ycharts.com/indices/^GDM
wednesday,https://www.ycharts.com/indices/^GDOW
wednesday,https://www.ycharts.com/indices/^GNX
wednesday,https://www.ycharts.com/indices/^GSPTTUT
wednesday,https://www.ycharts.com/indices/^GVZ
wednesday,https://www.ycharts.com/indices/^HCX
wednesday,https://www.ycharts.com/indices/^HUI
wednesday,https://www.ycharts.com/indices/^ICEEUROFXE
wednesday,https://www.ycharts.com/indices/^ICEUSTSBTR
wednesday,https://www.ycharts.com/indices/^ICEUT2YTR
wednesday,https://www.ycharts.com/indices/^IQX
wednesday,https://www.ycharts.com/indices/^IQZ
wednesday,https://www.ycharts.com/indices/^ISECTACC
wednesday,https://www.ycharts.com/indices/^IXIC
wednesday,https://www.ycharts.com/indices/^IXIC/sma_50
wednesday,https://www.ycharts.com/indices/^MID
wednesday,https://www.ycharts.com/indices/^MMX
wednesday,https://www.ycharts.com/indices/^MSACEMVUTL
wednesday,https://www.ycharts.com/indices/^MSACFSSEL
wednesday,https://www.ycharts.com/indices/^MSACUSSGNL
wednesday,https://www.ycharts.com/indices/^MSACWIESGL
wednesday,https://www.ycharts.com/indices/^MSACWIEW
wednesday,https://www.ycharts.com/indices/^MSACWIGDP
wednesday,https://www.ycharts.com/indices/^MSACWIGTR
wednesday,https://www.ycharts.com/indices/^MSACWIIMIG
wednesday,https://www.ycharts.com/indices/^MSACXAUIML
wednesday,https://www.ycharts.com/indices/^MSACXJPESC
wednesday,https://www.ycharts.com/indices/^MSACXUSIMV
wednesday,https://www.ycharts.com/indices/^MSACXUSNTR
wednesday,https://www.ycharts.com/indices/^MSACXUSSV
wednesday,https://www.ycharts.com/indices/^MSACXUSTR
wednesday,https://www.ycharts.com/indices/^MSCN
wednesday,https://www.ycharts.com/indices/^MSCNG
wednesday,https://www.ycharts.com/indices/^MSCNNTR
wednesday,https://www.ycharts.com/indices/^MSEAFE
wednesday,https://www.ycharts.com/indices/^MSEAFETR
wednesday,https://www.ycharts.com/indices/^MSEMLATRL
wednesday,https://www.ycharts.com/indices/^MSEMNTR
wednesday,https://www.ycharts.com/indices/^MSEMTR
wednesday,https://www.ycharts.com/indices/^MSEUCREEWN
wednesday,https://www.ycharts.com/indices/^MSEUR
wednesday,https://www.ycharts.com/indices/^MSEURSUCN/ytd_return
wednesday,https://www.ycharts.com/indices/^MSEUXCHLAT
wednesday,https://www.ycharts.com/indices/^MSINNTR
wednesday,https://www.ycharts.com/indices/^MSRU
wednesday,https://www.ycharts.com/indices/^MSUK
wednesday,https://www.ycharts.com/indices/^MSUSA
wednesday,https://www.ycharts.com/indices/^MSUSADS
wednesday,https://www.ycharts.com/indices/^MSUSAIMI
wednesday,https://www.ycharts.com/indices/^MSUSALCAP
wednesday,https://www.ycharts.com/indices/^MSW
wednesday,https://www.ycharts.com/indices/^MSWAUTO
wednesday,https://www.ycharts.com/indices/^MSWCI
wednesday,https://www.ycharts.com/indices/^MSWCP
wednesday,https://www.ycharts.com/indices/^MSWCTM
wednesday,https://www.ycharts.com/indices/^MSWFBTBL
wednesday,https://www.ycharts.com/indices/^MSWHC
wednesday,https://www.ycharts.com/indices/^MSWSMIDGTR
wednesday,https://www.ycharts.com/indices/^MSWTX
wednesday,https://www.ycharts.com/indices/^MSWVNTR
wednesday,https://www.ycharts.com/indices/^MSWXAU
wednesday,https://www.ycharts.com/indices/^MSWXAUNTR
wednesday,https://www.ycharts.com/indices/^MSWXUSA
wednesday,https://www.ycharts.com/indices/^MSWXUSSNQL/level
wednesday,https://www.ycharts.com/indices/^MSZATR
wednesday,https://www.ycharts.com/indices/^NA100AHI
wednesday,https://www.ycharts.com/indices/^NA100PMI
wednesday,https://www.ycharts.com/indices/^NACTR
wednesday,https://www.ycharts.com/indices/^NDX/sma_200
wednesday,https://www.ycharts.com/indices/^NDX/year_low
wednesday,https://www.ycharts.com/indices/^NDXT
wednesday,https://www.ycharts.com/indices/^NYA
wednesday,https://www.ycharts.com/indices/^NYCTR
wednesday,https://www.ycharts.com/indices/^OEX
wednesday,https://www.ycharts.com/indices/^OOI
wednesday,https://www.ycharts.com/indices/^PSCLOSD
wednesday,https://www.ycharts.com/indices/^RAG
wednesday,https://www.ycharts.com/indices/^RAGTR
wednesday,https://www.ycharts.com/indices/^RDG
wednesday,https://www.ycharts.com/indices/^RDGTR
wednesday,https://www.ycharts.com/indices/^RLG
wednesday,https://www.ycharts.com/indices/^RLV
wednesday,https://www.ycharts.com/indices/^RMC
wednesday,https://www.ycharts.com/indices/^RMCTR
wednesday,https://www.ycharts.com/indices/^RMV
wednesday,https://www.ycharts.com/indices/^RMVTR
wednesday,https://www.ycharts.com/indices/^RU2500/chart/
wednesday,https://www.ycharts.com/indices/^RU3000V
wednesday,https://www.ycharts.com/indices/^RUA
wednesday,https://www.ycharts.com/indices/^RUATR
wednesday,https://www.ycharts.com/indices/^RUI/constituents
wednesday,https://www.ycharts.com/indices/^RUJTR
wednesday,https://www.ycharts.com/indices/^RUOTR
wednesday,https://www.ycharts.com/indices/^RUT
wednesday,https://www.ycharts.com/indices/^RUUCAP/chart/
wednesday,https://www.ycharts.com/indices/^SGIB
wednesday,https://www.ycharts.com/indices/^SML
wednesday,https://www.ycharts.com/indices/^SNRU
wednesday,https://www.ycharts.com/indices/^SOX
wednesday,https://www.ycharts.com/indices/^SOX/sma_50
wednesday,https://www.ycharts.com/indices/^SP15IFTS
wednesday,https://www.ycharts.com/indices/^SPASAFXI
wednesday,https://www.ycharts.com/indices/^SPBNCNSADC
wednesday,https://www.ycharts.com/indices/^SPBNMCNSAD
wednesday,https://www.ycharts.com/indices/^SPCNA3REY
wednesday,https://www.ycharts.com/indices/^SPCNASDOTY
wednesday,https://www.ycharts.com/indices/^SPEUR350
wednesday,https://www.ycharts.com/indices/^SPGCNRG
wednesday,https://www.ycharts.com/indices/^SPLAC
wednesday,https://www.ycharts.com/indices/^SPSUPX
wednesday,https://www.ycharts.com/indices/^SPTSES
wednesday,https://www.ycharts.com/indices/^SPTSXCATR
wednesday,https://www.ycharts.com/indices/^SPTSXCCTR
wednesday,https://www.ycharts.com/indices/^SPUSTBFER
wednesday,https://www.ycharts.com/indices/^SPX
wednesday,https://www.ycharts.com/indices/^SPX/chart/
wednesday,https://www.ycharts.com/indices/^SPX/constituents
wednesday,https://www.ycharts.com/indices/^SPX/stress_test
wednesday,https://www.ycharts.com/indices/^SPX/year_high
wednesday,https://www.ycharts.com/indices/^SPXAD
wednesday,https://www.ycharts.com/indices/^SPXAUSITR
wednesday,https://www.ycharts.com/indices/^SPXBA
wednesday,https://www.ycharts.com/indices/^SPXBA/historical_sharpe_all
wednesday,https://www.ycharts.com/indices/^SPXCAD
wednesday,https://www.ycharts.com/indices/^SPXEWTR
wednesday,https://www.ycharts.com/indices/^SPXG
wednesday,https://www.ycharts.com/indices/^SPXGBP
wednesday,https://www.ycharts.com/indices/^SPXGBP/historical_sharpe_5y
wednesday,https://www.ycharts.com/indices/^SPXMEEGTR
wednesday,https://www.ycharts.com/indices/^SPXNRGS
wednesday,https://www.ycharts.com/indices/^SPXOGCF
wednesday,https://www.ycharts.com/indices/^SPXTR/year_high
wednesday,https://www.ycharts.com/indices/^SPXUSTR
wednesday,https://www.ycharts.com/indices/^SPXVIF2MTR
wednesday,https://www.ycharts.com/indices/^SPXVISTFTR
wednesday,https://www.ycharts.com/indices/^SPXVTR
wednesday,https://www.ycharts.com/indices/^SQTR
wednesday,https://www.ycharts.com/indices/^SSGL
wednesday,https://www.ycharts.com/indices/^STRB
wednesday,https://www.ycharts.com/indices/^STRN/sma_200
wednesday,https://www.ycharts.com/indices/^SUNI
wednesday,https://www.ycharts.com/indices/^TSV
wednesday,https://www.ycharts.com/indices/^TX60
wednesday,https://www.ycharts.com/indices/^TYX
wednesday,https://www.ycharts.com/indices/^TYX/chart/
wednesday,https://www.ycharts.com/indices/^UTY
wednesday,https://www.ycharts.com/indices/^VIX
wednesday,https://www.ycharts.com/indices/^VXN
wednesday,https://www.ycharts.com/indices/^VXV
wednesday,https://www.ycharts.com/indices/^W4500
wednesday,https://www.ycharts.com/indices/^WIUSREIT
wednesday,https://www.ycharts.com/indices/^XOI
wednesday,https://www.ycharts.com/indices/asset_class/bonds
wednesday,https://www.ycharts.com/indices/families/Credit Suisse
thursday,https://www.ycharts.com/companies/AAPL/average_volume_30
thursday,https://www.ycharts.com/companies/AAPL/dividend_yield
thursday,https://www.ycharts.com/companies/AAPL/forward_pe_ratio
thursday,https://www.ycharts.com/companies/AAPL/market_cap
thursday,https://www.ycharts.com/companies/AAPL/revenues
thursday,https://www.ycharts.com/companies/AAPL/shares_outstanding
thursday,https://www.ycharts.com/companies/AAPL/stock_buyback
thursday,https://www.ycharts.com/companies/AGNC/chart/
thursday,https://www.ycharts.com/companies/AMC/market_cap
thursday,https://www.ycharts.com/companies/AMD/pe_ratio
thursday,https://www.ycharts.com/companies/AMZN
thursday,https://www.ycharts.com/companies/AMZN/profit_margin
thursday,https://www.ycharts.com/companies/AMZN/revenues
thursday,https://www.ycharts.com/companies/AQN.TO/dividend
thursday,https://www.ycharts.com/companies/ARKK
thursday,https://www.ycharts.com/companies/ARKK/total_assets_under_management
thursday,https://www.ycharts.com/companies/AVGO/pe_ratio
thursday,https://www.ycharts.com/companies/AXAHY/dividend
thursday,https://www.ycharts.com/companies/BA/stock_buyback
thursday,https://www.ycharts.com/companies/BABA
thursday,https://www.ycharts.com/companies/BABA/shares_outstanding
thursday,https://www.ycharts.com/companies/BAC/dividend
thursday,https://www.ycharts.com/companies/BAC/stock_buyback
thursday,https://www.ycharts.com/companies/BANK.TO/dividend
thursday,https://www.ycharts.com/companies/BCE/dividend_yield
thursday,https://www.ycharts.com/companies/BHP/dividend_yield
thursday,https://www.ycharts.com/companies/BIL/dividend_yield
thursday,https://www.ycharts.com/companies/BMO.TO/dividend
thursday,https://www.ycharts.com/companies/BNDX/price
thursday,https://www.ycharts.com/companies/BNPQY/price_to_book_value
thursday,https://www.ycharts.com/companies/BNS.TO/dividend
thursday,https://www.ycharts.com/companies/BP/shares_outstanding
thursday,https://www.ycharts.com/companies/BRK.A/cash_on_hand
thursday,https://www.ycharts.com/companies/BRK.A/pe_ratio
thursday,https://www.ycharts.com/companies/BRK.A/price_to_book_value
thursday,https://www.ycharts.com/companies/BRK.A/stock_buyback
thursday,https://www.ycharts.com/companies/BUD
thursday,https://www.ycharts.com/companies/BYDDF
thursday,https://www.ycharts.com/companies/BYDDF/pe_ratio
thursday,https://www.ycharts.com/companies/C/price_to_book_value
thursday,https://www.ycharts.com/companies/C/stock_buyback
thursday,https://www.ycharts.com/companies/CASH.TO/dividend_yield
thursday,https://www.ycharts.com/companies/CDX/price
thursday,https://www.ycharts.com/companies/CJ.TO/dividend
thursday,https://www.ycharts.com/companies/CLF/price_to_book_value
thursday,https://www.ycharts.com/companies/CM.TO/dividend
thursday,https://www.ycharts.com/companies/CM.TO/dividend_yield
thursday,https://www.ycharts.com/companies/COIN/pe_ratio
thursday,https://www.ycharts.com/companies/CONY/dividend_yield
thursday,https://www.ycharts.com/companies/CPT/chart/
thursday,https://www.ycharts.com/companies/CU.TO/dividend
thursday,https://www.ycharts.com/companies/CVX/stock_buyback
thursday,https://www.ycharts.com/companies/DB/price_to_book_value
thursday,https://www.ycharts.com/companies/DJT
thursday,https://www.ycharts.com/companies/EC/dividend
thursday,https://www.ycharts.com/companies/EFA
thursday,https://www.ycharts.com/companies/ENB.TO/dividend
thursday,https://www.ycharts.com/companies/ETCG/discount_or_premium_to_nav
thursday,https://www.ycharts.com/companies/ETHE/discount_or_premium_to_nav
thursday,https://www.ycharts.com/companies/F/price_to_book_value
thursday,https://www.ycharts.com/companies/FTS.TO/dividend
thursday,https://www.ycharts.com/companies/GB/chart/
thursday,https://www.ycharts.com/companies/GBTC/total_assets_under_management
thursday,https://www.ycharts.com/companies/GLD
thursday,https://www.ycharts.com/companies/GME/shares_outstanding
thursday,https://www.ycharts.com/companies/GOOG
thursday,https://www.ycharts.com/companies/GOOG/pe_ratio
thursday,https://www.ycharts.com/companies/GOOG/price_to_book_value
thursday,https://www.ycharts.com/companies/GOOG/ps_ratio
thursday,https://www.ycharts.com/companies/GOOGL/chart/
thursday,https://www.ycharts.com/companies/GP/chart/
thursday,https://www.ycharts.com/companies/GSOL/discount_or_premium_to_nav
thursday,https://www.ycharts.com/companies/HIMS/ps_ratio
thursday,https://www.ycharts.com/companies/HSAV.TO/discount_or_premium_to_nav
thursday,https://www.ycharts.com/companies/HYI/discount_or_premium_to_nav
thursday,https://www.ycharts.com/companies/IBIT/discount_or_premium_to_nav
thursday,https://www.ycharts.com/companies/IBIT/total_assets_under_management
thursday,https://www.ycharts.com/companies/IONQ/chart/
thursday,https://www.ycharts.com/companies/IVV
thursday,https://www.ycharts.com/companies/JEPQ.TO/dividend_yield
thursday,https://www.ycharts.com/companies/JEPQ/dividend
thursday,https://www.ycharts.com/companies/JEPQ/dividend_yield
thursday,https://www.ycharts.com/companies/JSEJF/market_cap
thursday,https://www.ycharts.com/companies/KO/dividend_yield
thursday,https://www.ycharts.com/companies/KO/revenues_annual
thursday,https://www.ycharts.com/companies/L.TO/profit_margin
thursday,https://www.ycharts.com/companies/LLY/pe_ratio
thursday,https://www.ycharts.com/companies/LVMUY/pe_ratio
thursday,https://www.ycharts.com/companies/MCD/revenues
thursday,https://www.ycharts.com/companies/META/pe_ratio
thursday,https://www.ycharts.com/companies/META/profit_margin
thursday,https://www.ycharts.com/companies/MKL/price_to_book_value
thursday,https://www.ycharts.com/companies/MSFT/chart/
thursday,https://www.ycharts.com/companies/MSFT/ps_ratio
thursday,https://www.ycharts.com/companies/MSFT/revenues
thursday,https://www.ycharts.com/companies/MSTR
thursday,https://www.ycharts.com/companies/MSTR/shares_outstanding
thursday,https://www.ycharts.com/companies/MSTU/total_assets_under_management
thursday,https://www.ycharts.com/companies/MSTY/discount_or_premium_to_nav
thursday,https://www.ycharts.com/companies/MSTY/dividend_yield
thursday,https://www.ycharts.com/companies/MU
thursday,https://www.ycharts.com/companies/MULN/shares_outstanding
thursday,https://www.ycharts.com/companies/NDAQ/forward_pe_ratio
thursday,https://www.ycharts.com/companies/NDAQ/pe_ratio
thursday,https://www.ycharts.com/companies/NDAQ/stock_buyback
thursday,https://www.ycharts.com/companies/NFLX/debt_equity_ratio
thursday,https://www.ycharts.com/companies/NFLX/pe_ratio
thursday,https://www.ycharts.com/companies/NSRGY/shares_outstanding
thursday,https://www.ycharts.com/companies/NVDA/chart/
thursday,https://www.ycharts.com/companies/NVDA/forward_pe_ratio
thursday,https://www.ycharts.com/companies/NVDA/market_cap
thursday,https://www.ycharts.com/companies/NVDA/pe_ratio
thursday,https://www.ycharts.com/companies/NVDA/revenues
thursday,https://www.ycharts.com/companies/NVDA/stock_buyback
thursday,https://www.ycharts.com/companies/NVDY/dividend_yield
thursday,https://www.ycharts.com/companies/O/dividend_yield
thursday,https://www.ycharts.com/companies/OBTC/discount_or_premium_to_nav
thursday,https://www.ycharts.com/companies/ORCL
thursday,https://www.ycharts.com/companies/ORLY/stock_buyback
thursday,https://www.ycharts.com/companies/PBR/dividend
thursday,https://www.ycharts.com/companies/PFE/dividend_yield
thursday,https://www.ycharts.com/companies/PFF/dividend
thursday,https://www.ycharts.com/companies/PLTR/market_cap
thursday,https://www.ycharts.com/companies/PLTR/ps_ratio
thursday,https://www.ycharts.com/companies/PYPL
thursday,https://www.ycharts.com/companies/PYPL/shares_outstanding
thursday,https://www.ycharts.com/companies/QBR.B.TO/dividend
thursday,https://www.ycharts.com/companies/QCOM/dividend
thursday,https://www.ycharts.com/companies/QQCL.TO/holdings/overview
thursday,https://www.ycharts.com/companies/QQQI/dividend_yield
thursday,https://www.ycharts.com/companies/REGN/stock_buyback
thursday,https://www.ycharts.com/companies/REM/dividend_yield
thursday,https://www.ycharts.com/companies/RSI.TO/dividend
thursday,https://www.ycharts.com/companies/RY.TO/dividend_yield
thursday,https://www.ycharts.com/companies/RYCEY/dividend
thursday,https://www.ycharts.com/companies/S/ps_ratio
thursday,https://www.ycharts.com/companies/SCGLY/price_to_book_value
thursday,https://www.ycharts.com/companies/SCHD
thursday,https://www.ycharts.com/companies/SCHD/dividend
thursday,https://www.ycharts.com/companies/SCHD/dividend_yield
thursday,https://www.ycharts.com/companies/SHEL/shares_outstanding
thursday,https://www.ycharts.com/companies/SLF.TO/dividend
thursday,https://www.ycharts.com/companies/SMCI/pe_ratio
thursday,https://www.ycharts.com/companies/SOXL
thursday,https://www.ycharts.com/companies/SPY
thursday,https://www.ycharts.com/companies/SPY/average_volume_30
thursday,https://www.ycharts.com/companies/SPY/discount_or_premium_to_nav
thursday,https://www.ycharts.com/companies/SPY/dividend_yield
thursday,https://www.ycharts.com/companies/SPYI/dividend_yield
thursday,https://www.ycharts.com/companies/SU.TO/dividend
thursday,https://www.ycharts.com/companies/T.TO/dividend
thursday,https://www.ycharts.com/companies/TA.TO/dividend
thursday,https://www.ycharts.com/companies/TCEHY/pe_ratio
thursday,https://www.ycharts.com/companies/TD.TO/dividend
thursday,https://www.ycharts.com/companies/TD/price_to_book_value
thursday,https://www.ycharts.com/companies/TD/stock_buyback
thursday,https://www.ycharts.com/companies/TGT/stock_buyback
thursday,https://www.ycharts.com/companies/TLT/dividend_yield
thursday,https://www.ycharts.com/companies/TSLA
thursday,https://www.ycharts.com/companies/TSLA/average_volume_30
thursday,https://www.ycharts.com/companies/TSLA/chart/
thursday,https://www.ycharts.com/companies/TSLA/debt_equity_ratio
thursday,https://www.ycharts.com/companies/TSLA/net_income
thursday,https://www.ycharts.com/companies/TSLA/price_to_book_value
thursday,https://www.ycharts.com/companies/TSLA/shares_outstanding
thursday,https://www.ycharts.com/companies/TSLY/dividend
thursday,https://www.ycharts.com/companies/TSM/chart/
thursday,https://www.ycharts.com/companies/UCO/price
thursday,https://www.ycharts.com/companies/UNCFF/price_to_book_value
thursday,https://www.ycharts.com/companies/UNH
thursday,https://www.ycharts.com/companies/UNH/pe_ratio
thursday,https://www.ycharts.com/companies/UPS/dividend
thursday,https://www.ycharts.com/companies/VLKAF/price_to_book_value
thursday,https://www.ycharts.com/companies/VNQ
thursday,https://www.ycharts.com/companies/VNQ/dividend_yield
thursday,https://www.ycharts.com/companies/VOO
thursday,https://www.ycharts.com/companies/VOO/chart/
thursday,https://www.ycharts.com/companies/VSP.TO/dividend
thursday,https://www.ycharts.com/companies/VTI
thursday,https://www.ycharts.com/companies/VXC.TO/dividend
thursday,https://www.ycharts.com/companies/WMT
thursday,https://www.ycharts.com/companies/WMT/gross_profit_margin
thursday,https://www.ycharts.com/companies/WMT/price
thursday,https://www.ycharts.com/companies/X/price
thursday,https://www.ycharts.com/companies/XDIV.TO/dividend
thursday,https://www.ycharts.com/companies/XEI.TO/dividend_yield
thursday,https://www.ycharts.com/companies/XES
thursday,https://www.ycharts.com/companies/XIACY/pe_ratio
thursday,https://www.ycharts.com/companies/XVV
thursday,https://www.ycharts.com/indicators/30_year_mortgage_rate
thursday,https://www.ycharts.com/indicators/aluminum_spot_price
thursday,https://www.ycharts.com/indicators/australia_new_zealand_beef_price
thursday,https://www.ycharts.com/indicators/average_crude_oil_spot_price
thursday,https://www.ycharts.com/indicators/bank_of_england_bank_rate
thursday,https://www.ycharts.com/indicators/bank_prime_loan_rate_monthly
thursday,https://www.ycharts.com/indicators/binance_smart_chain_average_transaction_fee_es
thursday,https://www.ycharts.com/indicators/bitcoin_market_cap
thursday,https://www.ycharts.com/indicators/boston_ma_unemployment_rate
thursday,https://www.ycharts.com/indicators/brent_wti_spread
thursday,https://www.ycharts.com/indicators/canada_bank_rate
thursday,https://www.ycharts.com/indicators/canada_prime_rate
thursday,https://www.ycharts.com/indicators/cme_euro_fx_futures_open_interest
thursday,https://www.ycharts.com/indicators/comex_silver_combined_managed_money_short_positions
thursday,https://www.ycharts.com/indicators/comex_silver_futures_open_interest
thursday,https://www.ycharts.com/indicators/connecticut_residential_heating_oil_price
thursday,https://www.ycharts.com/indicators/cotlook_aindex_cotton_price